6719,782,3553,4047,6280,5414,8699,5562,4542,5184,1540,2306,6857,7806,7652,4840,3021,275,8691,435,508,6814,
5220,1955,3914,8031,454,7314,9067,7004,1276,1004,9642,8588,8093,7968,4059,4775,6678,3003,3135,1844,8010,3571,
4656,8891,8968,524,6829,6011,6518,9588,6516,7054,5564,125,8543,3109,7836,9773,1623,4907,5073,9257,685,3634,
6725,544,5445,7237,7527,39,7519,547,7711,2646,332,2757,9490,9762,3894,7666,7903,8767,5818,6392,3649,6849,
8588,3557,1836,3417,5447,1009,690,6488,8568,222,9924,8709,3290,9415,127,897,6512,4416,616,2713,7261,7768,
1114,7310,9522,9987,5227,3032,8659,4356,6649,4501,4776,8383,9275,9600,4165,2922,6039,6209,4017,7563,1451,9316,
7444,816,664,2625,7433,4456,6193,8738,3643,4790,8446,7652,4730,6816,6864,9874,6662,9350,5821,6575,5415,7552,
7744,4027,340,8980,920,6395,1052,3517,9819,1099,7037,4818,4321,7786,809,2244,1773,6877,1258,1113,3560,6554,
8531,3877,4905,7510,9983,9600,6539,7829,9431,3085,4836,5088,7335,4987,3189,7281,2236,484,2720,6459,7318,2473,
6528,9043,1935,1045,9762,6118,8719,8448,8302,6355,7689,8100,6190,7327,1350,5892,6800,8811,110,9015,7363,6013,
1965,5911,3289,6364,8004,5172,3822,510,4506,6681,5526,9135,486,6435,1727,7357,3038,2094,5647,3624,1842,2077,
1640,6758,4900,1138,987,7143,6387,7955,1069,6824,5199,1143,7759,7544,7632,6681,7608,5209,7536,5363,3732,4685,
841,2619,6657,8640,3702,6060,6186,8131,8196,6248,4413,7838,398,8546,9327,7675,2168,2137,1266,9970,7842,6064,
697,9710,6966,8638,5205,2452,8689,2914,6080,7776,5999,8912,7813,5700,6690,766,5999,5331,8754,6473,4996,903,
3217,3801,4553,9578,6658,1087,7453,2183,7913,7420,6301,9957,4711,4255,4893,5221,1639,4811,289,8867,9548,9620,
6006,2361,4123,9178,4091,865,6396,775,4881,9311,1917,3164,6338,5933,4541,7997,166,7331,3674,1485,108,9345,
4981,5208,397,7081,4385,3087,6186,9813,5941,7393,6598,3459,5078,3134,3610,1483,9704,7115,7955,1509,1744,8036,
2571,34,8981,5175,8773,7033,207,5275,6144,7603,4108,703,7355,921,7114,5266,3910,4761,3083,7082,4244,123,
9775,3919,571,4002,6740,3311,1656,2767,9197,4888,3529,273,5283,9165,8150,1327,4764,8143,969,8719,9337,4652,
4222,5766,2977,3559,488,3574,5850,8590,3198,379,1644,1701,2179,5823,2101,1459,6286,5237,9442,1884,819,8367,
2499,1423,7465,2075,4599,2482,1452,1597,6702,2585,1311,188,7782,9512,6111,567,1117,4305,7421,688,507,145,
6793,2848,563,6321,9605,7045,479,1993,8669,9780,8787,3558,8515,7751,3154,8029,5553,9311,5581,6490,382,3130,
